{"cameraMode":{"drawMode":0,"name":"Shaded","section":"Shading Mode"},"sceneLighting":true,"audioPlay":false,"sceneViewState":{"m_AlwaysRefresh":false,"showFog":true,"showSkybox":true,"showFlares":true,"showImageEffects":true,"showParticleSystems":true,"showVisualEffectGraphs":true,"m_FxEnabled":true},"in2DMode":false,"pivot":{"x":-0.7549782395362854,"y":7.9219865798950199,"z":5.546882629394531},"rotation":{"x":-0.19169247150421143,"y":0.011195551604032517,"z":-0.002187283942475915,"w":-0.9813938140869141},"size":32.32919692993164,"orthographic":false}