{"cameraMode":{"drawMode":0,"name":"Shaded","section":"Shading Mode"},"sceneLighting":true,"audioPlay":false,"sceneViewState":{"m_AlwaysRefresh":false,"showFog":true,"showSkybox":true,"showFlares":true,"showImageEffects":true,"showParticleSystems":true,"showVisualEffectGraphs":true,"m_FxEnabled":true},"in2DMode":false,"pivot":{"x":0.5460696220397949,"y":7.401019096374512,"z":5.369178771972656},"rotation":{"x":-0.20330893993377686,"y":-0.03875456377863884,"z":0.008053269237279892,"w":-0.9783197641372681},"size":15.879693984985352,"orthographic":false}